2341159,"Black Box Warning",hepatotoxicity,
2341159,"Black Box Warning","metabolic toxicity",
2341159,"Black Box Warning","immune system toxicity",
1763543,"Black Box Warning",carcinogenicity,
237298,"Black Box Warning",,
1380836,"Black Box Warning",,
16450,"Black Box Warning",misuse,
16450,"Black Box Warning",hepatotoxicity,
169652,"Black Box Warning",teratogenicity,
169652,"Black Box Warning",hepatotoxicity,
83515,"Black Box Warning","metabolic toxicity",
83515,"Black Box Warning",hepatotoxicity,
83515,"Black Box Warning",nephrotoxicity,
1380107,"Black Box Warning",carcinogenicity,
864943,"Black Box Warning",,
675582,"Black Box Warning","hematological toxicity",
675582,"Black Box Warning",neurotoxicity,
675582,"Black Box Warning","immune system toxicity",
674482,"Black Box Warning",misuse,
675775,"Black Box Warning","immune system toxicity",
1926908,"Black Box Warning",teratogenicity,
674836,"Black Box Warning","gastrointestinal toxicity",
435293,"Black Box Warning",cardiotoxicity,
154051,"Black Box Warning",teratogenicity,
2287105,"Black Box Warning",nephrotoxicity,
2287105,"Black Box Warning",neurotoxicity,
630439,"Black Box Warning",cardiotoxicity,
674915,"Black Box Warning","psychiatric toxicity",
155045,"Black Box Warning","psychiatric toxicity",
543,"Black Box Warning",misuse,
8838,"Black Box Warning",cardiotoxicity,
8838,"Black Box Warning",misuse,
155006,"Black Box Warning","psychiatric toxicity",
674929,"Black Box Warning",carcinogenicity,
674929,"Black Box Warning",cardiotoxicity,
1279,"Black Box Warning",cardiotoxicity,
308917,"Black Box Warning","hematological toxicity",
431141,"Black Box Warning",carcinogenicity,
431141,"Black Box Warning","hematological toxicity",
431141,"Black Box Warning","immune system toxicity",
674351,"Black Box Warning",carcinogenicity,
674351,"Black Box Warning","hematological toxicity",
674351,"Black Box Warning","immune system toxicity",
1376065,"Black Box Warning",teratogenicity,
674509,"Black Box Warning",nephrotoxicity,
32869,"Black Box Warning","musculoskeletal toxicity",
1378029,"Black Box Warning","vascular toxicity",
1378029,"Black Box Warning",carcinogenicity,
1377970,"Black Box Warning",cardiotoxicity,
1121861,"Black Box Warning","immune system toxicity",
544432,"Black Box Warning",teratogenicity,
798263,"Black Box Warning","immune system toxicity",
119498,"Black Box Warning",teratogenicity,
1121863,"Black Box Warning",,
93617,"Black Box Warning",teratogenicity,
93617,"Black Box Warning",hepatotoxicity,
675387,"Black Box Warning",,
1378030,"Black Box Warning","psychiatric toxicity",
1121867,"Black Box Warning","psychiatric toxicity",
139281,"Black Box Warning",nephrotoxicity,
674347,"Black Box Warning",cardiotoxicity,
446784,"Black Box Warning",misuse,
446784,"Black Box Warning","respiratory toxicity",
1543312,"Black Box Warning","respiratory toxicity",
1543312,"Black Box Warning",misuse,
675686,"Black Box Warning","psychiatric toxicity",
545956,"Black Box Warning","psychiatric toxicity",
56644,"Black Box Warning","hematological toxicity",
76963,"Black Box Warning",misuse,
76963,"Black Box Warning","respiratory toxicity",
675699,"Black Box Warning",,
1376138,"Black Box Warning",,
116349,"Black Box Warning",teratogenicity,
598447,"Black Box Warning",,
444750,"Black Box Warning",teratogenicity,
15086,"Black Box Warning","hematological toxicity",
15086,"Black Box Warning","dermatological toxicity",
300022,"Black Box Warning","immune system toxicity",
300022,"Black Box Warning","hematological toxicity",
1339907,"Black Box Warning",,
674481,"Black Box Warning",,
61682,"Black Box Warning",,
18694,"Black Box Warning","gastrointestinal toxicity",
18694,"Black Box Warning",neurotoxicity,
18694,"Black Box Warning",cardiotoxicity,
675782,"Black Box Warning",,
675579,"Black Box Warning",cardiotoxicity,
11002,"Black Box Warning",carcinogenicity,
11002,"Black Box Warning",teratogenicity,
674680,"Black Box Warning","hematological toxicity",
2832026,"Black Box Warning","hematological toxicity",
2832026,"Black Box Warning",teratogenicity,
2832026,"Black Box Warning",carcinogenicity,
2832026,"Black Box Warning",nephrotoxicity,
241,"Black Box Warning",neurotoxicity,
241,"Black Box Warning","musculoskeletal toxicity",
210388,"Black Box Warning",neurotoxicity,
210388,"Black Box Warning","musculoskeletal toxicity",
8633,"Black Box Warning",nephrotoxicity,
8633,"Black Box Warning","immune system toxicity",
8633,"Black Box Warning","respiratory toxicity",
8633,"Black Box Warning","hematological toxicity",
674732,"Black Box Warning","psychiatric toxicity",
467361,"Black Box Warning",teratogenicity,
581843,"Black Box Warning","gastrointestinal toxicity",
674539,"Black Box Warning","gastrointestinal toxicity",
674583,"Black Box Warning","gastrointestinal toxicity",
1673803,"Black Box Warning","gastrointestinal toxicity",
641189,"Black Box Warning",,
674661,"Black Box Warning","psychiatric toxicity",
548124,"Black Box Warning",,
2261,"Black Box Warning","hematological toxicity",
2261,"Black Box Warning",cardiotoxicity,
447955,"Black Box Warning",misuse,
2335062,"Black Box Warning","respiratory toxicity",
2335062,"Black Box Warning",misuse,
72873,"Black Box Warning",carcinogenicity,
72873,"Black Box Warning","immune system toxicity",
72873,"Black Box Warning",nephrotoxicity,
51182,"Black Box Warning","hematological toxicity",
5772,"Black Box Warning",teratogenicity,
5772,"Black Box Warning",carcinogenicity,
405364,"Black Box Warning",neurotoxicity,
405364,"Black Box Warning",hepatotoxicity,
405364,"Black Box Warning",teratogenicity,
405364,"Black Box Warning","vascular toxicity",
84644,"Black Box Warning",hepatotoxicity,
675493,"Black Box Warning",neurotoxicity,
675493,"Black Box Warning","vascular toxicity",
675493,"Black Box Warning",cardiotoxicity,
674426,"Black Box Warning",,
446279,"Black Box Warning","hematological toxicity",
446279,"Black Box Warning",cardiotoxicity,
564990,"Black Box Warning","gastrointestinal toxicity",
564990,"Black Box Warning",nephrotoxicity,
564990,"Black Box Warning",hepatotoxicity,
112090,"Black Box Warning","hematological toxicity",
1377908,"Black Box Warning",neurotoxicity,
675367,"Black Box Warning",,
545075,"Black Box Warning","psychiatric toxicity",
674507,"Black Box Warning","metabolic toxicity",
161281,"Black Box Warning","psychiatric toxicity",
2197732,"Black Box Warning",,
675679,"Black Box Warning","psychiatric toxicity",
78902,"Black Box Warning",misuse,
1926820,"Black Box Warning",misuse,
29890,"Black Box Warning",neurotoxicity,
29890,"Black Box Warning","gastrointestinal toxicity",
29890,"Black Box Warning",cardiotoxicity,
675131,"Black Box Warning","gastrointestinal toxicity",
675131,"Black Box Warning",cardiotoxicity,
675131,"Black Box Warning",neurotoxicity,
674755,"Black Box Warning",neurotoxicity,
674755,"Black Box Warning","gastrointestinal toxicity",
674755,"Black Box Warning",cardiotoxicity,
123693,"Black Box Warning","gastrointestinal toxicity",
123693,"Black Box Warning",neurotoxicity,
123693,"Black Box Warning",cardiotoxicity,
390877,"Black Box Warning","immune system toxicity",
390877,"Black Box Warning","metabolic toxicity",
390877,"Black Box Warning",hepatotoxicity,
675813,"Black Box Warning",,
77652,"Black Box Warning",cardiotoxicity,
77652,"Black Box Warning",neurotoxicity,
77652,"Black Box Warning","gastrointestinal toxicity",
674468,"Black Box Warning",,
1626776,"Black Box Warning","immune system toxicity",
1626776,"Black Box Warning",neurotoxicity,
674971,"Black Box Warning",cardiotoxicity,
94571,"Black Box Warning",,
1377883,"Black Box Warning",hepatotoxicity,
1377883,"Black Box Warning",teratogenicity,
1927101,"Black Box Warning","immune system toxicity",
1927101,"Black Box Warning",hepatotoxicity,
1927101,"Black Box Warning","hematological toxicity",
5638,"Black Box Warning",cardiotoxicity,
1051125,"Black Box Warning","psychiatric toxicity",
462435,"Black Box Warning","hematological toxicity",
462435,"Black Box Warning",cardiotoxicity,
2197611,"Black Box Warning",,
675680,"Black Box Warning",,
152751,"Black Box Warning",cardiotoxicity,
1380293,"Black Box Warning",carcinogenicity,
674279,"Black Box Warning","psychiatric toxicity",
1626757,"Black Box Warning","psychiatric toxicity",
675788,"Black Box Warning","immune system toxicity",
1380942,"Black Box Warning","gastrointestinal toxicity",
1380942,"Black Box Warning","immune system toxicity",
2197562,"Black Box Warning",hepatotoxicity,
74911,"Black Box Warning",hepatotoxicity,
674610,"Black Box Warning",teratogenicity,
2197277,"Black Box Warning",teratogenicity,
2197802,"Black Box Warning",carcinogenicity,
2832013,"Black Box Warning","metabolic toxicity",
2832013,"Black Box Warning",hepatotoxicity,
674932,"Black Box Warning",cardiotoxicity,
674932,"Black Box Warning","hematological toxicity",
1590760,"Black Box Warning",,
674273,"Black Box Warning","psychiatric toxicity",
1540481,"Black Box Warning","psychiatric toxicity",
27626,"Black Box Warning",neurotoxicity,
27626,"Black Box Warning",cardiotoxicity,
27626,"Black Box Warning","vascular toxicity",
674381,"Black Box Warning","vascular toxicity",
674381,"Black Box Warning",cardiotoxicity,
674381,"Black Box Warning",neurotoxicity,
674924,"Black Box Warning","vascular toxicity",
674924,"Black Box Warning",neurotoxicity,
674924,"Black Box Warning",cardiotoxicity,
421038,"Black Box Warning","vascular toxicity",
421038,"Black Box Warning",cardiotoxicity,
421038,"Black Box Warning",neurotoxicity,
675552,"Black Box Warning",,
674931,"Black Box Warning",cardiotoxicity,
674931,"Black Box Warning","vascular toxicity",
674931,"Black Box Warning",neurotoxicity,
421334,"Black Box Warning",misuse,
675371,"Black Box Warning",carcinogenicity,
26431,"Black Box Warning",cardiotoxicity,
26431,"Black Box Warning","gastrointestinal toxicity",
26431,"Black Box Warning",neurotoxicity,
68607,"Black Box Warning","hematological toxicity",
1248731,"Black Box Warning","immune system toxicity",
1248731,"Black Box Warning","vascular toxicity",
1248731,"Black Box Warning",nephrotoxicity,
1248731,"Black Box Warning",carcinogenicity,
390990,"Black Box Warning",carcinogenicity,
61945,"Black Box Warning",,
150451,"Black Box Warning","hematological toxicity",
150451,"Black Box Warning",hepatotoxicity,
1376006,"Black Box Warning","gastrointestinal toxicity",
1376006,"Black Box Warning",neurotoxicity,
1376006,"Black Box Warning",cardiotoxicity,
19915,"Black Box Warning","respiratory toxicity",
19915,"Black Box Warning",misuse,
30072,"Black Box Warning","respiratory toxicity",
30072,"Black Box Warning",misuse,
674781,"Black Box Warning",misuse,
674773,"Black Box Warning",cardiotoxicity,
82983,"Black Box Warning",,
624161,"Black Box Warning",neurotoxicity,
624161,"Black Box Warning","hematological toxicity",
635,"Black Box Warning",neurotoxicity,
419542,"Black Box Warning",,
675033,"Black Box Warning","psychiatric toxicity",
674805,"Black Box Warning","psychiatric toxicity",
16308,"Black Box Warning",cardiotoxicity,
16308,"Black Box Warning","gastrointestinal toxicity",
16308,"Black Box Warning",neurotoxicity,
52087,"Black Box Warning",hepatotoxicity,
345595,"Black Box Warning","psychiatric toxicity",
41644,"Black Box Warning",nephrotoxicity,
1592407,"Black Box Warning",teratogenicity,
83044,"Black Box Warning",cardiotoxicity,
83044,"Black Box Warning","vascular toxicity",
1248733,"Black Box Warning",,
674408,"Black Box Warning",,
674934,"Black Box Warning",,
365284,"Black Box Warning",carcinogenicity,
365284,"Black Box Warning","hematological toxicity",
365284,"Black Box Warning",teratogenicity,
674801,"Black Box Warning",carcinogenicity,
674801,"Black Box Warning","hematological toxicity",
674801,"Black Box Warning",teratogenicity,
675524,"Black Box Warning",hepatotoxicity,
1592405,"Black Box Warning",neurotoxicity,
1592405,"Black Box Warning",nephrotoxicity,
2335505,"Black Box Warning",,
675784,"Black Box Warning",carcinogenicity,
3859,"Black Box Warning","psychiatric toxicity",
674937,"Black Box Warning","psychiatric toxicity",
2335118,"Black Box Warning","psychiatric toxicity",
1380714,"Black Box Warning",,
2197548,"Black Box Warning","respiratory toxicity",
2197548,"Black Box Warning",misuse,
699406,"Black Box Warning",misuse,
699406,"Black Box Warning","respiratory toxicity",
4730,"Black Box Warning",carcinogenicity,
4730,"Black Box Warning","hematological toxicity",
11674,"Black Box Warning","gastrointestinal toxicity",
11674,"Black Box Warning",neurotoxicity,
11674,"Black Box Warning",cardiotoxicity,
1532645,"Black Box Warning",cardiotoxicity,
674927,"Black Box Warning","hematological toxicity",
674927,"Black Box Warning",cardiotoxicity,
1448219,"Black Box Warning","gastrointestinal toxicity",
1448219,"Black Box Warning",hepatotoxicity,
675777,"Black Box Warning","immune system toxicity",
119640,"Black Box Warning",neurotoxicity,
119640,"Black Box Warning",nephrotoxicity,
119640,"Black Box Warning","hematological toxicity",
13949,"Black Box Warning","psychiatric toxicity",
543658,"Black Box Warning","psychiatric toxicity",
2197716,"Black Box Warning","psychiatric toxicity",
250908,"Black Box Warning",,
1380301,"Black Box Warning",,
173,"Black Box Warning",neurotoxicity,
173,"Black Box Warning","gastrointestinal toxicity",
173,"Black Box Warning",cardiotoxicity,
675617,"Black Box Warning",carcinogenicity,
1380877,"Black Box Warning",hepatotoxicity,
1380774,"Black Box Warning",,
675613,"Black Box Warning",,
675076,"Black Box Warning",,
421066,"Black Box Warning",teratogenicity,
2197385,"Black Box Warning","gastrointestinal toxicity",
2197385,"Black Box Warning","hematological toxicity",
675442,"Black Box Warning","immune system toxicity",
4941,"Black Box Warning",hepatotoxicity,
13928,"Black Box Warning",teratogenicity,
97867,"Black Box Warning",cardiotoxicity,
675703,"Black Box Warning",,
255904,"Black Box Warning",hepatotoxicity,
255904,"Black Box Warning",cardiotoxicity,
16591,"Black Box Warning",cardiotoxicity,
16591,"Black Box Warning","gastrointestinal toxicity",
16591,"Black Box Warning",neurotoxicity,
675075,"Black Box Warning","immune system toxicity",
675075,"Black Box Warning","gastrointestinal toxicity",
675075,"Black Box Warning",cardiotoxicity,
675075,"Black Box Warning",neurotoxicity,
33986,"Black Box Warning",hepatotoxicity,
33986,"Black Box Warning","metabolic toxicity",
38727,"Black Box Warning","dermatological toxicity",
675130,"Black Box Warning",hepatotoxicity,
675399,"Black Box Warning","immune system toxicity",
93895,"Black Box Warning",teratogenicity,
93895,"Black Box Warning",hepatotoxicity,
63649,"Black Box Warning","hematological toxicity",
63649,"Black Box Warning","vascular toxicity",
63649,"Black Box Warning",teratogenicity,
1378002,"Black Box Warning","psychiatric toxicity",
2197639,"Black Box Warning",misuse,
2197639,"Black Box Warning","respiratory toxicity",
2197422,"Black Box Warning","gastrointestinal toxicity",
16654,"Black Box Warning",neurotoxicity,
2224030,"Black Box Warning",carcinogenicity,
675129,"Black Box Warning",misuse,
189204,"Black Box Warning",teratogenicity,
674777,"Black Box Warning",misuse,
1376008,"Black Box Warning",misuse,
1377932,"Black Box Warning",hepatotoxicity,
10898,"Black Box Warning","hematological toxicity",
109797,"Black Box Warning",teratogenicity,
59519,"Black Box Warning","respiratory toxicity",
1038355,"Black Box Warning","psychiatric toxicity",
1376143,"Black Box Warning",teratogenicity,
699486,"Black Box Warning","psychiatric toxicity",
675138,"Black Box Warning",hepatotoxicity,
986494,"Black Box Warning","gastrointestinal toxicity",
986494,"Black Box Warning",cardiotoxicity,
986494,"Black Box Warning",neurotoxicity,
34608,"Black Box Warning",neurotoxicity,
34608,"Black Box Warning","vascular toxicity",
34608,"Black Box Warning",cardiotoxicity,
34608,"Black Box Warning","musculoskeletal toxicity",
29989,"Black Box Warning",neurotoxicity,
29989,"Black Box Warning","gastrointestinal toxicity",
29989,"Black Box Warning",cardiotoxicity,
543171,"Black Box Warning","psychiatric toxicity",
20496,"Black Box Warning","gastrointestinal toxicity",
20496,"Black Box Warning",cardiotoxicity,
20496,"Black Box Warning",neurotoxicity,
674814,"Black Box Warning","immune system toxicity",
674814,"Black Box Warning","hematological toxicity",
547402,"Black Box Warning","respiratory toxicity",
547402,"Black Box Warning",misuse,
675003,"Black Box Warning",,
547681,"Black Box Warning","metabolic toxicity",
547681,"Black Box Warning",cardiotoxicity,
674776,"Black Box Warning",misuse,
674776,"Black Box Warning","respiratory toxicity",
674776,"Black Box Warning",cardiotoxicity,
674903,"Black Box Warning",misuse,
38588,"Black Box Warning",,
49931,"Black Box Warning","respiratory toxicity",
49931,"Black Box Warning",hepatotoxicity,
49931,"Black Box Warning","hematological toxicity",
49931,"Black Box Warning",carcinogenicity,
49931,"Black Box Warning","gastrointestinal toxicity",
49931,"Black Box Warning",nephrotoxicity,
49931,"Black Box Warning",teratogenicity,
1737244,"Black Box Warning","gastrointestinal toxicity",
1737244,"Black Box Warning","respiratory toxicity",
1737244,"Black Box Warning",carcinogenicity,
1737244,"Black Box Warning","hematological toxicity",
1737244,"Black Box Warning",hepatotoxicity,
1737244,"Black Box Warning",teratogenicity,
1063,"Black Box Warning",carcinogenicity,
563451,"Black Box Warning",,
49842,"Black Box Warning",misuse,
552883,"Black Box Warning",misuse,
674891,"Black Box Warning",neurotoxicity,
1533286,"Black Box Warning",cardiotoxicity,
1355926,"Black Box Warning",cardiotoxicity,
1380123,"Black Box Warning",carcinogenicity,
27912,"Black Box Warning",carcinogenicity,
674557,"Black Box Warning",cardiotoxicity,
674371,"Black Box Warning","respiratory toxicity",
2335035,"Black Box Warning","psychiatric toxicity",
25047,"Black Box Warning",teratogenicity,
51042,"Black Box Warning",cardiotoxicity,
456123,"Black Box Warning",,
27610,"Black Box Warning","psychiatric toxicity",
22391,"Black Box Warning",teratogenicity,
13590,"Black Box Warning","hematological toxicity",
13590,"Black Box Warning",nephrotoxicity,
504310,"Black Box Warning",,
840903,"Black Box Warning","hematological toxicity",
840903,"Black Box Warning",cardiotoxicity,
674485,"Black Box Warning",teratogenicity,
674632,"Black Box Warning",,
674285,"Black Box Warning",,
1376014,"Black Box Warning","respiratory toxicity",
1376014,"Black Box Warning",misuse,
674686,"Black Box Warning",neurotoxicity,
674686,"Black Box Warning","musculoskeletal toxicity",
675588,"Black Box Warning",,
386457,"Black Box Warning",carcinogenicity,
386457,"Black Box Warning","immune system toxicity",
386457,"Black Box Warning",teratogenicity,
1378913,"Black Box Warning",teratogenicity,
1378913,"Black Box Warning",carcinogenicity,
1378913,"Black Box Warning","immune system toxicity",
68396,"Black Box Warning",carcinogenicity,
68396,"Black Box Warning","immune system toxicity",
68396,"Black Box Warning",teratogenicity,
139210,"Black Box Warning","gastrointestinal toxicity",
139210,"Black Box Warning",neurotoxicity,
139210,"Black Box Warning",cardiotoxicity,
461225,"Black Box Warning",cardiotoxicity,
675083,"Black Box Warning","respiratory toxicity",
51056,"Black Box Warning",cardiotoxicity,
51056,"Black Box Warning","gastrointestinal toxicity",
51056,"Black Box Warning",neurotoxicity,
674757,"Black Box Warning",neurotoxicity,
674757,"Black Box Warning",cardiotoxicity,
674757,"Black Box Warning","gastrointestinal toxicity",
1121918,"Black Box Warning",cardiotoxicity,
674443,"Black Box Warning","psychiatric toxicity",
675063,"Black Box Warning",neurotoxicity,
2197640,"Black Box Warning",neurotoxicity,
2197640,"Black Box Warning",nephrotoxicity,
4345,"Black Box Warning","immune system toxicity",
4345,"Black Box Warning",hepatotoxicity,
675691,"Black Box Warning",cardiotoxicity,
249414,"Black Box Warning","respiratory toxicity",
37493,"Black Box Warning",,
858397,"Black Box Warning",,
246,"Black Box Warning",,
675107,"Black Box Warning","psychiatric toxicity",
1926775,"Black Box Warning","immune system toxicity",
146,"Black Box Warning",neurotoxicity,
2197565,"Black Box Warning",,
674643,"Black Box Warning",teratogenicity,
675485,"Black Box Warning","immune system toxicity",
675360,"Black Box Warning",,
675548,"Black Box Warning",,
1377665,"Black Box Warning","vascular toxicity",
1377665,"Black Box Warning",cardiotoxicity,
1377665,"Black Box Warning",neurotoxicity,
243124,"Black Box Warning","immune system toxicity",
674387,"Black Box Warning",hepatotoxicity,
139225,"Black Box Warning",cardiotoxicity,
139225,"Black Box Warning",neurotoxicity,
139225,"Black Box Warning","gastrointestinal toxicity",
27624,"Black Box Warning","respiratory toxicity",
27624,"Black Box Warning",misuse,
674841,"Black Box Warning",misuse,
674841,"Black Box Warning","respiratory toxicity",
674536,"Black Box Warning",hepatotoxicity,
674745,"Black Box Warning","respiratory toxicity",
674745,"Black Box Warning",misuse,
392195,"Black Box Warning",,
8062,"Black Box Warning","immune system toxicity",
8062,"Black Box Warning","hematological toxicity",
1379630,"Black Box Warning","psychiatric toxicity",
675778,"Black Box Warning","dermatological toxicity",
1927217,"Black Box Warning","gastrointestinal toxicity",
1927217,"Black Box Warning",cardiotoxicity,
1380344,"Black Box Warning",carcinogenicity,
674560,"Black Box Warning","psychiatric toxicity",
1380106,"Black Box Warning",,
675684,"Black Box Warning",hepatotoxicity,
1285395,"Black Box Warning",,
699376,"Black Box Warning","immune system toxicity",
2335773,"Black Box Warning",,
193096,"Black Box Warning",,
369179,"Black Box Warning",,
2197386,"Black Box Warning",misuse,
674896,"Black Box Warning","respiratory toxicity",
674375,"Black Box Warning","respiratory toxicity",
498105,"Black Box Warning",cardiotoxicity,
674294,"Black Box Warning",teratogenicity,
16505,"Black Box Warning","psychiatric toxicity",
1328912,"Black Box Warning",teratogenicity,
2197844,"Black Box Warning",,
674846,"Black Box Warning","psychiatric toxicity",
458912,"Black Box Warning",cardiotoxicity,
458912,"Black Box Warning","vascular toxicity",
441571,"Black Box Warning","immune system toxicity",
674637,"Black Box Warning",carcinogenicity,
550857,"Black Box Warning",cardiotoxicity,
11968,"Black Box Warning",cardiotoxicity,
11968,"Black Box Warning",neurotoxicity,
11968,"Black Box Warning","gastrointestinal toxicity",
2832006,"Black Box Warning",neurotoxicity,
63100,"Black Box Warning","vascular toxicity",
63100,"Black Box Warning",teratogenicity,
1377978,"Black Box Warning",hepatotoxicity,
1377978,"Black Box Warning",cardiotoxicity,
1377978,"Black Box Warning",neurotoxicity,
1377978,"Black Box Warning","vascular toxicity",
2335200,"Black Box Warning",,
58232,"Black Box Warning",,
21845,"Black Box Warning",cardiotoxicity,
21845,"Black Box Warning","hematological toxicity",
674361,"Black Box Warning",,
12825,"Black Box Warning",cardiotoxicity,
12825,"Black Box Warning","vascular toxicity",
12825,"Black Box Warning",neurotoxicity,
674701,"Black Box Warning","respiratory toxicity",
699455,"Black Box Warning",,
505776,"Black Box Warning",cardiotoxicity,
421208,"Black Box Warning",hepatotoxicity,
675563,"Black Box Warning","vascular toxicity",
674283,"Black Box Warning","psychiatric toxicity",
54149,"Black Box Warning",,
1678284,"Black Box Warning","psychiatric toxicity",
674962,"Black Box Warning",teratogenicity,
674388,"Black Box Warning",cardiotoxicity,
675468,"Black Box Warning",,
2039153,"Black Box Warning",cardiotoxicity,
1537155,"Black Box Warning","hematological toxicity",
158276,"Black Box Warning","vascular toxicity",
158276,"Black Box Warning",neurotoxicity,
189203,"Black Box Warning",teratogenicity,
675388,"Black Box Warning",,
675071,"Black Box Warning",misuse,
1380150,"Black Box Warning","immune system toxicity",
485738,"Black Box Warning","hematological toxicity",
485738,"Black Box Warning",teratogenicity,
1380104,"Black Box Warning",teratogenicity,
88100,"Black Box Warning",,
21697,"Black Box Warning",,
674362,"Black Box Warning",,
62701,"Black Box Warning",cardiotoxicity,
631502,"Black Box Warning","respiratory toxicity",
255532,"Black Box Warning",neurotoxicity,
255532,"Black Box Warning",cardiotoxicity,
255532,"Black Box Warning","gastrointestinal toxicity",
17169,"Black Box Warning",,
96021,"Black Box Warning","psychiatric toxicity",
1380990,"Black Box Warning",carcinogenicity,
549372,"Black Box Warning","psychiatric toxicity",
923,"Black Box Warning",carcinogenicity,
923,"Black Box Warning","immune system toxicity",
150941,"Black Box Warning","hematological toxicity",
226851,"Black Box Warning",,
674633,"Black Box Warning","respiratory toxicity",
1626748,"Black Box Warning",teratogenicity,
546564,"Black Box Warning",cardiotoxicity,
107119,"Black Box Warning","metabolic toxicity",
107119,"Black Box Warning",hepatotoxicity,
1064511,"Black Box Warning",nephrotoxicity,
1064511,"Black Box Warning","hematological toxicity",
1064511,"Black Box Warning",carcinogenicity,
675114,"Black Box Warning",misuse,
1927155,"Black Box Warning",,
16510,"Black Box Warning","gastrointestinal toxicity",
16510,"Black Box Warning",cardiotoxicity,
16510,"Black Box Warning",neurotoxicity,
450864,"Black Box Warning",hepatotoxicity,
675596,"Black Box Warning",,
2197758,"Black Box Warning",carcinogenicity,
2197758,"Black Box Warning","immune system toxicity",
47340,"Black Box Warning",carcinogenicity,
47340,"Black Box Warning","vascular toxicity",
47340,"Black Box Warning",neurotoxicity,
675728,"Black Box Warning",misuse,
675728,"Black Box Warning","respiratory toxicity",
394996,"Black Box Warning",,
1763651,"Black Box Warning",nephrotoxicity,
366271,"Black Box Warning",,
171587,"Black Box Warning",,
116949,"Black Box Warning",teratogenicity,
53686,"Black Box Warning",,
453046,"Black Box Warning","immune system toxicity",
453046,"Black Box Warning","hematological toxicity",
1540509,"Black Box Warning",hepatotoxicity,
417163,"Black Box Warning",hepatotoxicity,
739751,"Black Box Warning",cardiotoxicity,
739751,"Black Box Warning","metabolic toxicity",
96107,"Black Box Warning",hepatotoxicity,
96107,"Black Box Warning",teratogenicity,
500007,"Black Box Warning",carcinogenicity,
674286,"Black Box Warning",neurotoxicity,
674286,"Black Box Warning",cardiotoxicity,
1379337,"Black Box Warning","immune system toxicity",
193281,"Black Box Warning","psychiatric toxicity",
5028,"Black Box Warning",teratogenicity,
5028,"Black Box Warning","vascular toxicity",
674867,"Black Box Warning",cardiotoxicity,
28310,"Black Box Warning","hematological toxicity",
28310,"Black Box Warning",carcinogenicity,
209829,"Black Box Warning","psychiatric toxicity",
2197695,"Black Box Warning",,
416772,"Black Box Warning","vascular toxicity",
373970,"Black Box Warning",,
222633,"Black Box Warning",carcinogenicity,
675528,"Black Box Warning",,
372438,"Black Box Warning",hepatotoxicity,
2197435,"Black Box Warning",neurotoxicity,
2197435,"Black Box Warning",nephrotoxicity,
674724,"Black Box Warning",,
1376013,"Black Box Warning",carcinogenicity,
1376013,"Black Box Warning","vascular toxicity",
267825,"Black Box Warning",hepatotoxicity,
674564,"Black Box Warning","gastrointestinal toxicity",
674564,"Black Box Warning",neurotoxicity,
674564,"Black Box Warning",cardiotoxicity,
227437,"Black Box Warning",hepatotoxicity,
456266,"Black Box Warning","hematological toxicity",
674626,"Black Box Warning",cardiotoxicity,
675487,"Black Box Warning",,
699416,"Black Box Warning",misuse,
699416,"Black Box Warning","respiratory toxicity",
421317,"Black Box Warning",teratogenicity,
2197569,"Black Box Warning","psychiatric toxicity",
675581,"Black Box Warning",teratogenicity,
675581,"Black Box Warning","respiratory toxicity",
675581,"Black Box Warning",cardiotoxicity,
674749,"Black Box Warning","psychiatric toxicity",
2208,"Black Box Warning","hematological toxicity",
2208,"Black Box Warning",teratogenicity,
674899,"Black Box Warning","psychiatric toxicity",
674730,"Black Box Warning",,
67010,"Black Box Warning",,
674405,"Black Box Warning",teratogenicity,
674405,"Black Box Warning",carcinogenicity,
674405,"Black Box Warning","hematological toxicity",
1991,"Black Box Warning",hepatotoxicity,
15217,"Black Box Warning",hepatotoxicity,
15217,"Black Box Warning",teratogenicity,
139045,"Black Box Warning",teratogenicity,
674579,"Black Box Warning",,
33576,"Black Box Warning",cardiotoxicity,
674580,"Black Box Warning",,
675017,"Black Box Warning","psychiatric toxicity",
1038357,"Black Box Warning","psychiatric toxicity",
564219,"Black Box Warning","hematological toxicity",
460092,"Black Box Warning",teratogenicity,
1379656,"Black Box Warning","vascular toxicity",
1379657,"Black Box Warning","psychiatric toxicity",
674830,"Black Box Warning","vascular toxicity",
1380933,"Black Box Warning",,
65494,"Black Box Warning",,
421332,"Black Box Warning",misuse,
1158403,"Black Box Warning","psychiatric toxicity",
27307,"Black Box Warning","hematological toxicity",
27307,"Black Box Warning","metabolic toxicity",
27307,"Black Box Warning",hepatotoxicity,
2197691,"Black Box Warning",misuse,
675114,"Black Box Warning","respiratory toxicity",
34094,"Black Box Warning",,
675456,"Black Box Warning","vascular toxicity",
675582,"Black Box Warning",carcinogenicity,
675582,"Black Box Warning","infectious disease",
675775,"Black Box Warning","vascular toxicity",
675775,"Black Box Warning","respiratory toxicity",
675775,"Black Box Warning",cardiotoxicity,
675775,"Black Box Warning","dermatological toxicity",
27648,"Black Box Warning",,
8130,"Black Box Warning",,
386327,"Black Box Warning",,
822010,"Black Box Warning","metabolic toxicity",
630439,"Black Box Warning","respiratory toxicity",
630439,"Black Box Warning",hepatotoxicity,
8873,"Black Box Warning",,
397524,"Black Box Warning","vascular toxicity",
155006,"Black Box Warning",,
1449229,"Black Box Warning",,
1676656,"Black Box Warning",,
1926823,"Black Box Warning",,
547576,"Black Box Warning",,
308917,"Black Box Warning","gastrointestinal toxicity",
308917,"Black Box Warning",nephrotoxicity,
308917,"Black Box Warning","dermatological toxicity",
431141,"Black Box Warning",teratogenicity,
674351,"Black Box Warning",teratogenicity,
32869,"Black Box Warning","psychiatric toxicity",
32869,"Black Box Warning",neurotoxicity,
1378029,"Black Box Warning","respiratory toxicity",
1378029,"Black Box Warning","infectious disease",
675419,"Black Box Warning",,
2336180,"Black Box Warning",,
1121861,"Black Box Warning",carcinogenicity,
1121861,"Black Box Warning","infectious disease",
544432,"Black Box Warning",,
445858,"Black Box Warning",,
798263,"Black Box Warning","respiratory toxicity",
798263,"Black Box Warning",misuse,
798263,"Black Box Warning","vascular toxicity",
419410,"Black Box Warning",,
459679,"Black Box Warning","vascular toxicity",
1595395,"Black Box Warning","respiratory toxicity",
2335833,"Black Box Warning",hepatotoxicity,
2335833,"Black Box Warning",,
1121865,"Black Box Warning","infectious disease",
348726,"Black Box Warning",cardiotoxicity,
313314,"Black Box Warning",,
139281,"Black Box Warning",,
674347,"Black Box Warning",misuse,
674347,"Black Box Warning",neurotoxicity,
1543312,"Black Box Warning",,
2464648,"Black Box Warning",,
1449186,"Black Box Warning",,
300022,"Black Box Warning","gastrointestinal toxicity",
300022,"Black Box Warning",cardiotoxicity,
699456,"Black Box Warning",,
1340277,"Black Box Warning",,
404691,"Black Box Warning",hepatotoxicity,
11002,"Black Box Warning","hematological toxicity",
674654,"Black Box Warning",,
550303,"Black Box Warning",,
50440,"Black Box Warning",,
8633,"Black Box Warning",cardiotoxicity,
8633,"Black Box Warning","gastrointestinal toxicity",
8633,"Black Box Warning","vascular toxicity",
467361,"Black Box Warning",neurotoxicity,
581843,"Black Box Warning","infectious disease",
674539,"Black Box Warning","infectious disease",
674583,"Black Box Warning","infectious disease",
1673803,"Black Box Warning","infectious disease",
111390,"Black Box Warning",,
2465,"Black Box Warning",,
630396,"Black Box Warning",,
1369640,"Black Box Warning",,
2261,"Black Box Warning","vascular toxicity",
2261,"Black Box Warning",neurotoxicity,
72873,"Black Box Warning","vascular toxicity",
72873,"Black Box Warning","infectious disease",
51182,"Black Box Warning","gastrointestinal toxicity",
51182,"Black Box Warning",hepatotoxicity,
1038352,"Black Box Warning",neurotoxicity,
1038352,"Black Box Warning","vascular toxicity",
5772,"Black Box Warning",hepatotoxicity,
5772,"Black Box Warning","hematological toxicity",
1503092,"Black Box Warning",,
675574,"Black Box Warning","vascular toxicity",
405364,"Black Box Warning",carcinogenicity,
675493,"Black Box Warning",carcinogenicity,
564990,"Black Box Warning","vascular toxicity",
1377908,"Black Box Warning","musculoskeletal toxicity",
674507,"Black Box Warning",,
721,"Black Box Warning",,
390877,"Black Box Warning","gastrointestinal toxicity",
1377883,"Black Box Warning","gastrointestinal toxicity",
1927101,"Black Box Warning","respiratory toxicity",
1927101,"Black Box Warning","dermatological toxicity",
1927101,"Black Box Warning","gastrointestinal toxicity",
1927101,"Black Box Warning","vascular toxicity",
462435,"Black Box Warning",carcinogenicity,
1376097,"Black Box Warning","vascular toxicity",
2832776,"Black Box Warning","gastrointestinal toxicity",
2832776,"Black Box Warning",neurotoxicity,
2832776,"Black Box Warning","respiratory toxicity",
2832776,"Black Box Warning","infectious disease",
675779,"Black Box Warning","infectious disease",
2197393,"Black Box Warning",,
1377952,"Black Box Warning",,
1380942,"Black Box Warning",cardiotoxicity,
1380942,"Black Box Warning","vascular toxicity",
1380942,"Black Box Warning","dermatological toxicity",
2096444,"Black Box Warning",,
675454,"Black Box Warning","vascular toxicity",
674932,"Black Box Warning",carcinogenicity,
674938,"Black Box Warning",,
49847,"Black Box Warning",,
27626,"Black Box Warning",carcinogenicity,
27626,"Black Box Warning","respiratory toxicity",
674381,"Black Box Warning",carcinogenicity,
674924,"Black Box Warning",carcinogenicity,
421038,"Black Box Warning","respiratory toxicity",
421038,"Black Box Warning",carcinogenicity,
675621,"Black Box Warning",,
675571,"Black Box Warning",,
674931,"Black Box Warning",carcinogenicity,
421334,"Black Box Warning",,
675371,"Black Box Warning","infectious disease",
675416,"Black Box Warning",misuse,
1248731,"Black Box Warning","infectious disease",
647206,"Black Box Warning",cardiotoxicity,
1378487,"Black Box Warning",,
675816,"Black Box Warning",,
388819,"Black Box Warning",,
393942,"Black Box Warning",,
872071,"Black Box Warning",,
2197595,"Black Box Warning",,
674595,"Black Box Warning","vascular toxicity",
41644,"Black Box Warning",neurotoxicity,
83044,"Black Box Warning",misuse,
2046,"Black Box Warning",,
674522,"Black Box Warning","dermatological toxicity",
1449133,"Black Box Warning","dermatological toxicity",
674297,"Black Box Warning",misuse,
674297,"Black Box Warning","dermatological toxicity",
674382,"Black Box Warning","dermatological toxicity",
1449219,"Black Box Warning","dermatological toxicity",
674544,"Black Box Warning","dermatological toxicity",
1376010,"Black Box Warning","dermatological toxicity",
674572,"Black Box Warning",,
1592405,"Black Box Warning",teratogenicity,
1763565,"Black Box Warning",carcinogenicity,
675784,"Black Box Warning","infectious disease",
3859,"Black Box Warning",,
2335118,"Black Box Warning",,
1448219,"Black Box Warning","infectious disease",
1448219,"Black Box Warning","respiratory toxicity",
675777,"Black Box Warning","dermatological toxicity",
675777,"Black Box Warning","vascular toxicity",
675777,"Black Box Warning","respiratory toxicity",
675617,"Black Box Warning","infectious disease",
2335508,"Black Box Warning",,
675368,"Black Box Warning",,
674458,"Black Box Warning",misuse,
674406,"Black Box Warning",misuse,
554800,"Black Box Warning",misuse,
674565,"Black Box Warning",misuse,
675119,"Black Box Warning",,
4941,"Black Box Warning","gastrointestinal toxicity",
2197829,"Black Box Warning",carcinogenicity,
675075,"Black Box Warning","vascular toxicity",
675075,"Black Box Warning","respiratory toxicity",
33986,"Black Box Warning",,
63649,"Black Box Warning","respiratory toxicity",
1377990,"Black Box Warning",,
1376011,"Black Box Warning",,
674360,"Black Box Warning",misuse,
1763646,"Black Box Warning",,
2197422,"Black Box Warning","infectious disease",
675070,"Black Box Warning",,
548913,"Black Box Warning",,
16959,"Black Box Warning",,
675106,"Black Box Warning",,
674952,"Black Box Warning",,
34608,"Black Box Warning",carcinogenicity,
34608,"Black Box Warning","respiratory toxicity",
65415,"Black Box Warning","hematological toxicity",
65415,"Black Box Warning",teratogenicity,
547681,"Black Box Warning","respiratory toxicity",
547681,"Black Box Warning","vascular toxicity",
674715,"Black Box Warning",,
49931,"Black Box Warning","infectious disease",
49931,"Black Box Warning","vascular toxicity",
49931,"Black Box Warning","dermatological toxicity",
1737244,"Black Box Warning","infectious disease",
1737244,"Black Box Warning",nephrotoxicity,
1737244,"Black Box Warning","vascular toxicity",
1737244,"Black Box Warning","dermatological toxicity",
1380123,"Black Box Warning","infectious disease",
674557,"Black Box Warning",hepatotoxicity,
27611,"Black Box Warning",,
674371,"Black Box Warning",,
674371,"Black Box Warning",misuse,
674412,"Black Box Warning","vascular toxicity",
712273,"Black Box Warning",,
712273,"Black Box Warning","gastrointestinal toxicity",
712273,"Black Box Warning","infectious disease",
712273,"Black Box Warning",cardiotoxicity,
712273,"Black Box Warning","hematological toxicity",
840903,"Black Box Warning",misuse,
674370,"Black Box Warning",,
47447,"Black Box Warning",,
674632,"Black Box Warning","psychiatric toxicity",
674632,"Black Box Warning",neurotoxicity,
1121914,"Black Box Warning","vascular toxicity",
1121914,"Black Box Warning",nephrotoxicity,
1121914,"Black Box Warning","metabolic toxicity",
386457,"Black Box Warning","infectious disease",
1378913,"Black Box Warning","infectious disease",
68396,"Black Box Warning","infectious disease",
675083,"Black Box Warning",cardiotoxicity,
675083,"Black Box Warning","metabolic toxicity",
675083,"Black Box Warning","gastrointestinal toxicity",
21459,"Black Box Warning",,
675100,"Black Box Warning",,
675488,"Black Box Warning","infectious disease",
1121918,"Black Box Warning","metabolic toxicity",
674443,"Black Box Warning",hepatotoxicity,
4345,"Black Box Warning","dermatological toxicity",
365248,"Black Box Warning",misuse,
187962,"Black Box Warning",,
574221,"Black Box Warning",,
1121919,"Black Box Warning","infectious disease",
675787,"Black Box Warning","infectious disease",
146,"Black Box Warning","musculoskeletal toxicity",
34197,"Black Box Warning",,
675485,"Black Box Warning",neurotoxicity,
675485,"Black Box Warning","dermatological toxicity",
675485,"Black Box Warning","vascular toxicity",
675485,"Black Box Warning","respiratory toxicity",
1377665,"Black Box Warning",carcinogenicity,
16506,"Black Box Warning",,
674841,"Black Box Warning",cardiotoxicity,
8062,"Black Box Warning","dermatological toxicity",
8062,"Black Box Warning","vascular toxicity",
468656,"Black Box Warning",,
1379630,"Black Box Warning",,
675549,"Black Box Warning",,
675616,"Black Box Warning",,
453578,"Black Box Warning",,
16505,"Black Box Warning",,
1328912,"Black Box Warning",cardiotoxicity,
458912,"Black Box Warning",misuse,
441571,"Black Box Warning","vascular toxicity",
441571,"Black Box Warning","respiratory toxicity",
1590761,"Black Box Warning",,
1376137,"Black Box Warning",,
2096404,"Black Box Warning",,
675724,"Black Box Warning","vascular toxicity",
21845,"Black Box Warning","musculoskeletal toxicity",
37266,"Black Box Warning",,
675105,"Black Box Warning",,
738635,"Black Box Warning",,
12825,"Black Box Warning","respiratory toxicity",
12825,"Black Box Warning",carcinogenicity,
674701,"Black Box Warning","infectious disease",
674701,"Black Box Warning","vascular toxicity",
674701,"Black Box Warning",,
675014,"Black Box Warning",,
2197587,"Black Box Warning",,
674423,"Black Box Warning",,
158276,"Black Box Warning","respiratory toxicity",
2197857,"Black Box Warning","infectious disease",
1277553,"Black Box Warning",,
2464732,"Black Box Warning",,
485738,"Black Box Warning","respiratory toxicity",
485738,"Black Box Warning",carcinogenicity,
7714,"Black Box Warning",,
675578,"Black Box Warning","infectious disease",
328601,"Black Box Warning","vascular toxicity",
1380140,"Black Box Warning","gastrointestinal toxicity",
1380140,"Black Box Warning",neurotoxicity,
1380140,"Black Box Warning","vascular toxicity",
1380140,"Black Box Warning",cardiotoxicity,
674678,"Black Box Warning",,
1380996,"Black Box Warning","infectious disease",
923,"Black Box Warning","infectious disease",
150941,"Black Box Warning","vascular toxicity",
226851,"Black Box Warning",misuse,
226851,"Black Box Warning","vascular toxicity",
674633,"Black Box Warning",misuse,
674633,"Black Box Warning",neurotoxicity,
708075,"Black Box Warning",,
675511,"Black Box Warning",misuse,
328201,"Black Box Warning",carcinogenicity,
1674082,"Black Box Warning",,
1064511,"Black Box Warning",teratogenicity,
1064511,"Black Box Warning",hepatotoxicity,
1064511,"Black Box Warning","gastrointestinal toxicity",
101810,"Black Box Warning",,
2197758,"Black Box Warning","infectious disease",
2335544,"Black Box Warning",nephrotoxicity,
47340,"Black Box Warning","respiratory toxicity",
1763651,"Black Box Warning",teratogenicity,
95909,"Black Box Warning",,
1763589,"Black Box Warning",,
739751,"Black Box Warning","vascular toxicity",
364520,"Black Box Warning",,
674286,"Black Box Warning","vascular toxicity",
1379337,"Black Box Warning",neurotoxicity,
1379337,"Black Box Warning","vascular toxicity",
1379337,"Black Box Warning","respiratory toxicity",
1379337,"Black Box Warning",cardiotoxicity,
5970,"Black Box Warning",,
674867,"Black Box Warning","infectious disease",
551003,"Black Box Warning",,
372438,"Black Box Warning",neurotoxicity,
2197435,"Black Box Warning",teratogenicity,
699373,"Black Box Warning","infectious disease",
1376013,"Black Box Warning","infectious disease",
456266,"Black Box Warning","immune system toxicity",
2197569,"Black Box Warning","vascular toxicity",
17411,"Black Box Warning","metabolic toxicity",
27419,"Black Box Warning",,
706035,"Black Box Warning",,
1991,"Black Box Warning",teratogenicity,
1991,"Black Box Warning","gastrointestinal toxicity",
15217,"Black Box Warning","gastrointestinal toxicity",
27278,"Black Box Warning","psychiatric toxicity",
141484,"Black Box Warning",,
490427,"Black Box Warning",misuse,
564219,"Black Box Warning","infectious disease",
674830,"Black Box Warning",carcinogenicity,
421332,"Black Box Warning",,
1158403,"Black Box Warning",neurotoxicity,
27307,"Black Box Warning","musculoskeletal toxicity",
799627,"Black Box Warning",,
2197704,"Black Box Warning",,
2197691,"Black Box Warning","vascular toxicity",
2197691,"Black Box Warning",,
822010,"Black Box Warning",,
1592405,"Black Box Warning",,
2197548,"Black Box Warning",,
675075,"Black Box Warning",,
1537155,"Black Box Warning",,
2335505,"Black Box Warning",teratogenicity,
2197391,"Black Box Warning","metabolic toxicity",
957194,"Black Box Warning","metabolic toxicity",
1540495,"Black Box Warning",nephrotoxicity,
2039353,"Black Box Warning",,
341064,"Black Box Warning",,
2537490,"Black Box Warning",,
1540481,"Black Box Warning",misuse,
1540481,"Black Box Warning",neurotoxicity,
2739482,"Black Box Warning",,
66273,Withdrawn,,2008
230249,Withdrawn,"psychiatric toxicity",2007
2335059,Withdrawn,"dermatological toxicity",1984
182928,Withdrawn,carcinogenicity,1970
674665,Withdrawn,"dermatological toxicity",1996
67839,Withdrawn,carcinogenicity,1976
40940,Withdrawn,,1973
674449,Withdrawn,hepatotoxicity,2006
657667,Withdrawn,,2013
176014,Withdrawn,misuse,1999
60246,Withdrawn,"hematological toxicity",1970
1376759,Withdrawn,carcinogenicity,1969
65605,Withdrawn,,1998
65605,Withdrawn,cardiotoxicity,1998
219327,Withdrawn,nephrotoxicity,1982
898847,Withdrawn,hepatotoxicity,1992
395946,Withdrawn,hepatotoxicity,1964
46656,Withdrawn,"dermatological toxicity",1967
871360,Withdrawn,"dermatological toxicity",1967
1671238,Withdrawn,hepatotoxicity,1998
1215321,Withdrawn,"hematological toxicity",1987
1078456,Withdrawn,cardiotoxicity,1969
675587,Withdrawn,neurotoxicity,2018
675587,Withdrawn,neurotoxicity,2018
675587,Withdrawn,neurotoxicity,2018
1671238,Withdrawn,hepatotoxicity,1998
316539,Withdrawn,cardiotoxicity,2011
316539,Withdrawn,neurotoxicity,2011
675481,Withdrawn,neurotoxicity,2009
16521,Withdrawn,"dermatological toxicity",1984
1378487,Withdrawn,cardiotoxicity,1997
418438,Withdrawn,"psychiatric toxicity",1990
11715,Withdrawn,misuse,1996
1712,Withdrawn,"gastrointestinal toxicity",2006
244737,Withdrawn,"immune system toxicity",1984
1379509,Withdrawn,"vascular toxicity",1998
1078515,Withdrawn,hepatotoxicity,1983
78364,Withdrawn,"dermatological toxicity",1983
301194,Withdrawn,carcinogenicity,2020
424824,Withdrawn,hepatotoxicity,2007
1249053,Withdrawn,,1975
1249053,Withdrawn,hepatotoxicity,1975
1093573,Withdrawn,"immune system toxicity",1970
1228462,Withdrawn,cardiotoxicity,1997
685193,Withdrawn,cardiotoxicity,2010
255981,Withdrawn,neurotoxicity,1972
255981,Withdrawn,neurotoxicity,1972
1763641,Withdrawn,,1986
2197674,Withdrawn,"hematological toxicity",1975
128275,Withdrawn,"metabolic toxicity",1964
72035,Withdrawn,,1998
958409,Withdrawn,,1998
705834,Withdrawn,,1974
1249055,Withdrawn,"hematological toxicity",1984
705835,Withdrawn,hepatotoxicity,1986
705835,Withdrawn,"hematological toxicity",1986
1672744,Withdrawn,"hematological toxicity",2009
826568,Withdrawn,hepatotoxicity,1970
826568,Withdrawn,hepatotoxicity,1970
1285395,Withdrawn,"immune system toxicity",2019
1285395,Withdrawn,"immune system toxicity",2019
2327,Withdrawn,misuse,1980
674344,Withdrawn,cardiotoxicity,1999
674646,Withdrawn,neurotoxicity,2002
352917,Withdrawn,"immune system toxicity",2000
284208,Withdrawn,hepatotoxicity,2001
2197701,Withdrawn,neurotoxicity,2010
2197701,Withdrawn,cardiotoxicity,2010
1378010,Withdrawn,hepatotoxicity,2010
1248719,Withdrawn,,1979
31171,Withdrawn,cardiotoxicity,1989
18271,Withdrawn,carcinogenicity,1965
685193,Withdrawn,cardiotoxicity,2009
757917,Withdrawn,neurotoxicity,1985
16498,Withdrawn,"hematological toxicity",1965
1379765,Withdrawn,hepatotoxicity,1992
1379765,Withdrawn,hepatotoxicity,1992
1379765,Withdrawn,"immune system toxicity",1992
19569,Withdrawn,cardiotoxicity,1997
19569,Withdrawn,cardiotoxicity,1997
1152050,Withdrawn,carcinogenicity,1997
1377797,Withdrawn,"dermatological toxicity",2013
267825,Withdrawn,hepatotoxicity,1998
27419,Withdrawn,"psychiatric toxicity",1991
27105,Withdrawn,"dermatological toxicity",1974
316600,Withdrawn,"dermatological toxicity",1962
666,Withdrawn,hepatotoxicity,1997
1377063,Withdrawn,misuse,1979
27616,Withdrawn,"hematological toxicity",1993
2197427,Withdrawn,"hematological toxicity",1993
43952,Withdrawn,,1977
1377851,Withdrawn,neurotoxicity,2005
644928,Withdrawn,"hematological toxicity",1980
1532522,Withdrawn,hepatotoxicity,1983
2197274,Withdrawn,"immune system toxicity",1983
940358,Withdrawn,cardiotoxicity,2007
940358,Withdrawn,cardiotoxicity,2007
940358,Withdrawn,cardiotoxicity,2007
674730,Withdrawn,hepatotoxicity,1999
674730,Withdrawn,hepatotoxicity,1999
431376,Withdrawn,hepatotoxicity,2020
27340,Withdrawn,"hematological toxicity",2012
674546,Withdrawn,cardiotoxicity,1967
674449,Withdrawn,hepatotoxicity,2006
150722,Withdrawn,"dermatological toxicity",1979
2366,Withdrawn,misuse,1980
1378211,Withdrawn,misuse,1980
65605,Withdrawn,cardiotoxicity,1998
219327,Withdrawn,hepatotoxicity,1982
557741,Withdrawn,cardiotoxicity,2000
1376406,Withdrawn,hepatotoxicity,1982
11685,Withdrawn,hepatotoxicity,1987
11685,Withdrawn,hepatotoxicity,1987
1671238,Withdrawn,hepatotoxicity,1998
316539,Withdrawn,cardiotoxicity,2011
316539,Withdrawn,"vascular toxicity",2011
316539,Withdrawn,misuse,2011
316539,Withdrawn,cardiotoxicity,2011
1631832,Withdrawn,"dermatological toxicity",1964
1121342,Withdrawn,hepatotoxicity,1998
675481,Withdrawn,,2009
351701,Withdrawn,,2005
4193,Withdrawn,teratogenicity,1989
1249052,Withdrawn,hepatotoxicity,1970
418438,Withdrawn,hepatotoxicity,1990
1248678,Withdrawn,,1993
418485,Withdrawn,hepatotoxicity,2018
16599,Withdrawn,"gastrointestinal toxicity",1983
16599,Withdrawn,"gastrointestinal toxicity",1983
1379509,Withdrawn,"respiratory toxicity",1998
1078515,Withdrawn,hepatotoxicity,1983
367314,Withdrawn,,2013
424824,Withdrawn,hepatotoxicity,2007
27104,Withdrawn,"dermatological toxicity",1975
1677867,Withdrawn,neurotoxicity,1970
1677867,Withdrawn,"psychiatric toxicity",1970
678116,Withdrawn,hepatotoxicity,1990
2197674,Withdrawn,neurotoxicity,1975
1381331,Withdrawn,,2011
1078524,Withdrawn,neurotoxicity,1987
85553,Withdrawn,hepatotoxicity,2005
85553,Withdrawn,hepatotoxicity,2005
705835,Withdrawn,hepatotoxicity,1986
1672744,Withdrawn,hepatotoxicity,2009
1672744,Withdrawn,"immune system toxicity",2009
408583,Withdrawn,hepatotoxicity,1973
408583,Withdrawn,hepatotoxicity,1973
193096,Withdrawn,hepatotoxicity,1997
249814,Withdrawn,cardiotoxicity,2007
1249056,Withdrawn,,1966
94091,Withdrawn,"vascular toxicity",2004
1320257,Withdrawn,neurotoxicity,1976
314827,Withdrawn,hepatotoxicity,1990
1380209,Withdrawn,"dermatological toxicity",1977
99389,Withdrawn,misuse,2012
93930,Withdrawn,"dermatological toxicity",1966
22641,Withdrawn,cardiotoxicity,1995
685193,Withdrawn,cardiotoxicity,2009
21697,Withdrawn,cardiotoxicity,2004
358192,Withdrawn,cardiotoxicity,2010
1379765,Withdrawn,"hematological toxicity",1992
1379765,Withdrawn,hepatotoxicity,1992
1379765,Withdrawn,nephrotoxicity,1992
19569,Withdrawn,cardiotoxicity,1997
19569,Withdrawn,cardiotoxicity,1997
551160,Withdrawn,cardiotoxicity,1991
2819,Withdrawn,hepatotoxicity,1980
2084,Withdrawn,hepatotoxicity,1996
2084,Withdrawn,hepatotoxicity,1996
316600,Withdrawn,"dermatological toxicity",1962
666,Withdrawn,hepatotoxicity,1997
666,Withdrawn,hepatotoxicity,1997
16088,Withdrawn,"psychiatric toxicity",2008
67010,Withdrawn,"dermatological toxicity",2005
644928,Withdrawn,cardiotoxicity,1980
1532522,Withdrawn,hepatotoxicity,1983
93117,Withdrawn,"musculoskeletal toxicity",1987
93117,Withdrawn,nephrotoxicity,1987
1380168,Withdrawn,cardiotoxicity,2005
1380168,Withdrawn,"vascular toxicity",2005
230249,Withdrawn,misuse,2007
230249,Withdrawn,misuse,2007
403465,Withdrawn,"musculoskeletal toxicity",2001
674665,Withdrawn,hepatotoxicity,1996
674665,Withdrawn,"dermatological toxicity",1996
674546,Withdrawn,cardiotoxicity,1967
128555,Withdrawn,"hematological toxicity",1985
88648,Withdrawn,"dermatological toxicity",1975
88648,Withdrawn,"dermatological toxicity",1975
83245,Withdrawn,hepatotoxicity,1993
1376807,Withdrawn,"dermatological toxicity",1970
675554,Withdrawn,,2007
65605,Withdrawn,"immune system toxicity",1998
453649,Withdrawn,"vascular toxicity",1976
621308,Withdrawn,hepatotoxicity,1993
219327,Withdrawn,nephrotoxicity,1982
898847,Withdrawn,hepatotoxicity,1992
1152067,Withdrawn,carcinogenicity,1997
898773,Withdrawn,cardiotoxicity,2007
1376406,Withdrawn,hepatotoxicity,1982
231925,Withdrawn,hepatotoxicity,1987
675587,Withdrawn,"immune system toxicity",2018
316539,Withdrawn,cardiotoxicity,2011
1378425,Withdrawn,cardiotoxicity,1991
675066,Withdrawn,misuse,2010
163172,Withdrawn,hepatotoxicity,1989
49226,Withdrawn,"respiratory toxicity",1990
1381454,Withdrawn,"immune system toxicity",2016
98346,Withdrawn,"occular toxicity",1998
1204084,Withdrawn,carcinogenicity,2020
1078515,Withdrawn,hepatotoxicity,1983
255904,Withdrawn,hepatotoxicity,2011
139173,Withdrawn,hepatotoxicity,1999
82895,Withdrawn,carcinogenicity,1997
1763641,Withdrawn,,1986
674898,Withdrawn,"occular toxicity",1990
1078524,Withdrawn,neurotoxicity,1987
1381447,Withdrawn,,1993
674443,Withdrawn,hepatotoxicity,2003
1249055,Withdrawn,hepatotoxicity,1984
1249055,Withdrawn,"hematological toxicity",1984
705835,Withdrawn,"hematological toxicity",1986
826568,Withdrawn,hepatotoxicity,1970
352917,Withdrawn,neurotoxicity,2000
314827,Withdrawn,hepatotoxicity,1990
1380405,Withdrawn,"dermatological toxicity",1978
1093573,Withdrawn,"vascular toxicity",1970
1093573,Withdrawn,hepatotoxicity,1970
99389,Withdrawn,neurotoxicity,2012
1379099,Withdrawn,misuse,1984
23417,Withdrawn,hepatotoxicity,2010
93930,Withdrawn,,1966
2095,Withdrawn,"hematological toxicity",1970
418491,Withdrawn,hepatotoxicity,1985
22641,Withdrawn,"metabolic toxicity",1995
685193,Withdrawn,misuse,2009
685193,Withdrawn,misuse,2009
685193,Withdrawn,,2009
21697,Withdrawn,cardiotoxicity,2004
21697,Withdrawn,neurotoxicity,2004
1379765,Withdrawn,"metabolic toxicity",1992
19569,Withdrawn,,1997
2819,Withdrawn,hepatotoxicity,1980
2819,Withdrawn,hepatotoxicity,1980
316600,Withdrawn,"occular toxicity",1962
666,Withdrawn,hepatotoxicity,1997
67010,Withdrawn,cardiotoxicity,2005
1377851,Withdrawn,neurotoxicity,2005
1249059,Withdrawn,hepatotoxicity,1965
1249059,Withdrawn,hepatotoxicity,1965
93117,Withdrawn,"musculoskeletal toxicity",1987
431376,Withdrawn,hepatotoxicity,2020
674514,Withdrawn,nephrotoxicity,2001
40940,Withdrawn,,1973
150722,Withdrawn,"vascular toxicity",1979
83245,Withdrawn,hepatotoxicity,1993
1376807,Withdrawn,"occular toxicity",1970
219327,Withdrawn,"gastrointestinal toxicity",1982
219327,Withdrawn,hepatotoxicity,1982
46656,Withdrawn,"dermatological toxicity",1967
871360,Withdrawn,"dermatological toxicity",1967
557741,Withdrawn,cardiotoxicity,2000
557741,Withdrawn,cardiotoxicity,2000
557741,Withdrawn,cardiotoxicity,2000
557741,Withdrawn,,2000
2198,Withdrawn,misuse,1980
675587,Withdrawn,"immune system toxicity",2018
1078605,Withdrawn,nephrotoxicity,1986
316539,Withdrawn,neurotoxicity,2011
209964,Withdrawn,"dermatological toxicity",1964
1121342,Withdrawn,,1998
163172,Withdrawn,hepatotoxicity,1989
16521,Withdrawn,carcinogenicity,1984
1249052,Withdrawn,hepatotoxicity,1970
876580,Withdrawn,,1984
1381454,Withdrawn,"immune system toxicity",2016
244737,Withdrawn,"immune system toxicity",1984
1378097,Withdrawn,carcinogenicity,1993
674344,Withdrawn,cardiotoxicity,1999
674344,Withdrawn,cardiotoxicity,1999
1204084,Withdrawn,carcinogenicity,2020
1379509,Withdrawn,nephrotoxicity,1998
384948,Withdrawn,"immune system toxicity",2000
27104,Withdrawn,"dermatological toxicity",1975
1249055,Withdrawn,hepatotoxicity,1984
70239,Withdrawn,carcinogenicity,1991
705835,Withdrawn,"immune system toxicity",1986
1672744,Withdrawn,hepatotoxicity,2009
1672744,Withdrawn,"hematological toxicity",2009
991941,Withdrawn,cardiotoxicity,2010
228897,Withdrawn,hepatotoxicity,1968
16498,Withdrawn,hepatotoxicity,1965
16498,Withdrawn,"hematological toxicity",1965
1249056,Withdrawn,hepatotoxicity,1966
12417,Withdrawn,"hematological toxicity",1984
94091,Withdrawn,neurotoxicity,2004
314827,Withdrawn,"gastrointestinal toxicity",1990
1093573,Withdrawn,nephrotoxicity,1970
99389,Withdrawn,neurotoxicity,2012
1162878,Withdrawn,"dermatological toxicity",1975
704719,Withdrawn,carcinogenicity,1979
1379185,Withdrawn,"occular toxicity",1965
284208,Withdrawn,hepatotoxicity,2001
2197701,Withdrawn,cardiotoxicity,2010
110103,Withdrawn,,1993
233553,Withdrawn,"hematological toxicity",1988
2095,Withdrawn,nephrotoxicity,1970
685193,Withdrawn,cardiotoxicity,2009
757917,Withdrawn,hepatotoxicity,1985
757917,Withdrawn,hepatotoxicity,1985
16498,Withdrawn,nephrotoxicity,1965
358192,Withdrawn,cardiotoxicity,2010
1379765,Withdrawn,"hematological toxicity",1992
19569,Withdrawn,,1997
551160,Withdrawn,cardiotoxicity,1991
267825,Withdrawn,hepatotoxicity,1998
27105,Withdrawn,"dermatological toxicity",1974
16727,Withdrawn,misuse,1977
1510482,Withdrawn,neurotoxicity,1974
478003,Withdrawn,hepatotoxicity,2006
452538,Withdrawn,carcinogenicity,1963
67010,Withdrawn,neurotoxicity,2005
67010,Withdrawn,cardiotoxicity,2005
230249,Withdrawn,misuse,2007
230249,Withdrawn,neurotoxicity,2007
674514,Withdrawn,"musculoskeletal toxicity",2001
2335059,Withdrawn,"dermatological toxicity",1984
219327,Withdrawn,hepatotoxicity,1982
11685,Withdrawn,hepatotoxicity,1987
1671238,Withdrawn,misuse,1998
153408,Withdrawn,"immune system toxicity",2010
209964,Withdrawn,neurotoxicity,1964
1631832,Withdrawn,"psychiatric toxicity",1964
1249052,Withdrawn,hepatotoxicity,1970
876580,Withdrawn,"dermatological toxicity",1984
876580,Withdrawn,carcinogenicity,1984
1712,Withdrawn,"gastrointestinal toxicity",2006
98346,Withdrawn,"gastrointestinal toxicity",1998
1204084,Withdrawn,carcinogenicity,2020
384948,Withdrawn,neurotoxicity,2000
1093573,Withdrawn,hepatotoxicity,1970
685193,Withdrawn,,2010
1677867,Withdrawn,,1970
2197674,Withdrawn,"immune system toxicity",1975
2197674,Withdrawn,,1975
284208,Withdrawn,nephrotoxicity,2001
788435,Withdrawn,neurotoxicity,1996
705834,Withdrawn,hepatotoxicity,1974
991941,Withdrawn,cardiotoxicity,2010
674841,Withdrawn,misuse,2013
826568,Withdrawn,hepatotoxicity,1970
16580,Withdrawn,"hematological toxicity",1985
952723,Withdrawn,"metabolic toxicity",1977
94091,Withdrawn,cardiotoxicity,2004
94091,Withdrawn,neurotoxicity,2004
675476,Withdrawn,neurotoxicity,2002
1093573,Withdrawn,"immune system toxicity",1970
1093573,Withdrawn,"gastrointestinal toxicity",1970
1676537,Withdrawn,carcinogenicity,1979
1379185,Withdrawn,"occular toxicity",1965
1248719,Withdrawn,,1979
2095,Withdrawn,"hematological toxicity",1970
153476,Withdrawn,"respiratory toxicity",1989
62701,Withdrawn,cardiotoxicity,2010
674867,Withdrawn,cardiotoxicity,2005
1152049,Withdrawn,hepatotoxicity,1999
27419,Withdrawn,neurotoxicity,1991
67010,Withdrawn,"dermatological toxicity",2005
67010,Withdrawn,cardiotoxicity,2005
1377851,Withdrawn,"psychiatric toxicity",2005
478003,Withdrawn,hepatotoxicity,2006
1532522,Withdrawn,neurotoxicity,1983
150722,Withdrawn,"dermatological toxicity",1979
83245,Withdrawn,hepatotoxicity,1993
176014,Withdrawn,misuse,1999
418415,Withdrawn,"respiratory toxicity",2009
898847,Withdrawn,hepatotoxicity,1992
374182,Withdrawn,,2003
557741,Withdrawn,cardiotoxicity,2000
8193,Withdrawn,neurotoxicity,1973
1078456,Withdrawn,"respiratory toxicity",1969
675587,Withdrawn,"immune system toxicity",2018
316539,Withdrawn,neurotoxicity,2011
56090,Withdrawn,"metabolic toxicity",1978
1631832,Withdrawn,neurotoxicity,1964
1631832,Withdrawn,"dermatological toxicity",1964
1121342,Withdrawn,hepatotoxicity,1998
163172,Withdrawn,hepatotoxicity,1989
581798,Withdrawn,cardiotoxicity,2019
581798,Withdrawn,cardiotoxicity,2019
418438,Withdrawn,"hematological toxicity",1990
1248678,Withdrawn,,1993
418485,Withdrawn,hepatotoxicity,2018
98346,Withdrawn,carcinogenicity,1998
244737,Withdrawn,"immune system toxicity",1984
16599,Withdrawn,"gastrointestinal toxicity",1983
1379509,Withdrawn,cardiotoxicity,1998
255904,Withdrawn,hepatotoxicity,2011
384948,Withdrawn,,2000
1249053,Withdrawn,hepatotoxicity,1975
678116,Withdrawn,hepatotoxicity,1990
33583,Withdrawn,neurotoxicity,1996
1078524,Withdrawn,neurotoxicity,1987
674443,Withdrawn,hepatotoxicity,2003
85553,Withdrawn,,2005
85553,Withdrawn,nephrotoxicity,2005
1249055,Withdrawn,"hematological toxicity",1984
1672744,Withdrawn,"hematological toxicity",2009
2197547,Withdrawn,"hematological toxicity",1984
408583,Withdrawn,hepatotoxicity,1973
193096,Withdrawn,hepatotoxicity,1997
228897,Withdrawn,hepatotoxicity,1968
1249056,Withdrawn,hepatotoxicity,1966
1248996,Withdrawn,hepatotoxicity,1969
1162878,Withdrawn,"dermatological toxicity",1975
842060,Withdrawn,misuse,1982
22572,Withdrawn,misuse,1984
23417,Withdrawn,hepatotoxicity,2010
233553,Withdrawn,hepatotoxicity,1988
233553,Withdrawn,"dermatological toxicity",1988
1379523,Withdrawn,,1966
16498,Withdrawn,carcinogenicity,1965
20027,Withdrawn,cardiotoxicity,2010
358192,Withdrawn,neurotoxicity,2010
1377797,Withdrawn,"dermatological toxicity",2013
1377728,Withdrawn,"hematological toxicity",1960
5970,Withdrawn,cardiotoxicity,2005
267825,Withdrawn,hepatotoxicity,1998
1377503,Withdrawn,"hematological toxicity",1998
1377503,Withdrawn,"immune system toxicity",1998
1381031,Withdrawn,,2000
16088,Withdrawn,"psychiatric toxicity",2008
21697,Withdrawn,cardiotoxicity,2004
67010,Withdrawn,"dermatological toxicity",2005
1377851,Withdrawn,"psychiatric toxicity",2005
1510482,Withdrawn,neurotoxicity,1974
1532522,Withdrawn,neurotoxicity,1983
93117,Withdrawn,nephrotoxicity,1987
122247,Withdrawn,cardiotoxicity,2007
940358,Withdrawn,cardiotoxicity,2007
940358,Withdrawn,neurotoxicity,2007
84633,Withdrawn,"hematological toxicity",1989
150722,Withdrawn,"vascular toxicity",1979
657667,Withdrawn,neurotoxicity,2013
176014,Withdrawn,"dermatological toxicity",1999
254983,Withdrawn,,1984
621308,Withdrawn,hepatotoxicity,1993
219327,Withdrawn,carcinogenicity,1982
219327,Withdrawn,"dermatological toxicity",1982
11685,Withdrawn,hepatotoxicity,1987
66028,Withdrawn,carcinogenicity,1997
16521,Withdrawn,"dermatological toxicity",1984
1249052,Withdrawn,hepatotoxicity,1970
418438,Withdrawn,hepatotoxicity,1990
1381454,Withdrawn,"immune system toxicity",2016
244737,Withdrawn,"immune system toxicity",1984
16599,Withdrawn,carcinogenicity,1983
139173,Withdrawn,hepatotoxicity,1999
255981,Withdrawn,"psychiatric toxicity",1972
674443,Withdrawn,hepatotoxicity,2003
1672744,Withdrawn,hepatotoxicity,2009
1672744,Withdrawn,hepatotoxicity,2009
1672744,Withdrawn,"dermatological toxicity",2009
408583,Withdrawn,hepatotoxicity,1973
228897,Withdrawn,hepatotoxicity,1968
16498,Withdrawn,nephrotoxicity,1965
104250,Withdrawn,carcinogenicity,1997
12417,Withdrawn,"hematological toxicity",1984
12417,Withdrawn,misuse,1984
1320257,Withdrawn,"psychiatric toxicity",1976
31171,Withdrawn,,1989
1093573,Withdrawn,hepatotoxicity,1970
1093573,Withdrawn,neurotoxicity,1970
233553,Withdrawn,hepatotoxicity,1988
1379523,Withdrawn,"dermatological toxicity",1966
2095,Withdrawn,"hematological toxicity",1970
418491,Withdrawn,hepatotoxicity,1985
22641,Withdrawn,cardiotoxicity,1995
1377615,Withdrawn,"immune system toxicity",1983
685193,Withdrawn,misuse,2009
699455,Withdrawn,cardiotoxicity,2014
16498,Withdrawn,nephrotoxicity,1965
674854,Withdrawn,misuse,1980
358192,Withdrawn,cardiotoxicity,2010
1377797,Withdrawn,"dermatological toxicity",2013
1152049,Withdrawn,hepatotoxicity,1999
1249058,Withdrawn,hepatotoxicity,1971
674500,Withdrawn,"respiratory toxicity",2001
1377851,Withdrawn,"psychiatric toxicity",2005
1532522,Withdrawn,"immune system toxicity",1983
1380168,Withdrawn,"respiratory toxicity",2005
1380168,Withdrawn,"respiratory toxicity",2005
705687,Withdrawn,,2007
403465,Withdrawn,nephrotoxicity,2001
674665,Withdrawn,"dermatological toxicity",1996
65605,Withdrawn,cardiotoxicity,1998
65605,Withdrawn,cardiotoxicity,1998
418415,Withdrawn,cardiotoxicity,2009
219327,Withdrawn,hepatotoxicity,1982
219327,Withdrawn,"gastrointestinal toxicity",1982
395946,Withdrawn,hepatotoxicity,1964
395946,Withdrawn,hepatotoxicity,1964
1378826,Withdrawn,misuse,1980
231925,Withdrawn,hepatotoxicity,1987
316539,Withdrawn,neurotoxicity,2011
2464673,Withdrawn,carcinogenicity,2013
887229,Withdrawn,carcinogenicity,1986
418438,Withdrawn,hepatotoxicity,1990
418438,Withdrawn,neurotoxicity,1990
98346,Withdrawn,"gastrointestinal toxicity",1998
16599,Withdrawn,carcinogenicity,1983
78364,Withdrawn,"dermatological toxicity",1983
16654,Withdrawn,,2012
128275,Withdrawn,"vascular toxicity",1964
705834,Withdrawn,hepatotoxicity,1974
2197547,Withdrawn,"dermatological toxicity",1984
95978,Withdrawn,misuse,1980
12494,Withdrawn,cardiotoxicity,2007
674344,Withdrawn,cardiotoxicity,1999
16498,Withdrawn,hepatotoxicity,1965
746768,Withdrawn,carcinogenicity,1997
12417,Withdrawn,"hematological toxicity",1984
1248996,Withdrawn,hepatotoxicity,1969
1248996,Withdrawn,hepatotoxicity,1969
99389,Withdrawn,misuse,2012
1378010,Withdrawn,hepatotoxicity,2010
110103,Withdrawn,,1993
2095,Withdrawn,"dermatological toxicity",1970
2197587,Withdrawn,cardiotoxicity,2014
421902,Withdrawn,carcinogenicity,1997
62701,Withdrawn,cardiotoxicity,2010
10813,Withdrawn,cardiotoxicity,1998
10813,Withdrawn,cardiotoxicity,1998
1379765,Withdrawn,hepatotoxicity,1992
2084,Withdrawn,hepatotoxicity,1996
1249058,Withdrawn,hepatotoxicity,1971
16727,Withdrawn,cardiotoxicity,1977
67010,Withdrawn,"dermatological toxicity",2005
1510482,Withdrawn,neurotoxicity,1974
1510482,Withdrawn,neurotoxicity,1974
16450,"Black Box Warning",nephrotoxicity,
16450,"Black Box Warning","vascular toxicity",
1125,"Black Box Warning","dermatological toxicity",
1125,"Black Box Warning",hepatotoxicity,
27648,"Black Box Warning",misuse,
2464751,"Black Box Warning","respiratory toxicity",
2464751,"Black Box Warning","vascular toxicity",
2456099,"Black Box Warning",cardiotoxicity,
2456099,"Black Box Warning",teratogenicity,
150882,"Black Box Warning",misuse,
557741,"Black Box Warning",,
111390,"Black Box Warning",misuse,
2465,"Black Box Warning",misuse,
1369640,"Black Box Warning",misuse,
721,"Black Box Warning",misuse,
1763551,"Black Box Warning","dermatological toxicity",
1763551,"Black Box Warning","immune system toxicity",
674273,"Black Box Warning",cardiotoxicity,
674273,"Black Box Warning","gastrointestinal toxicity",
2335187,"Black Box Warning","gastrointestinal toxicity",
675110,"Black Box Warning",,
41644,"Black Box Warning","vascular toxicity",
675534,"Black Box Warning",,
16959,"Black Box Warning",misuse,
1768774,"Black Box Warning",,
1540521,"Black Box Warning",cardiotoxicity,
1540521,"Black Box Warning",teratogenicity,
47447,"Black Box Warning",neurotoxicity,
2335955,"Black Box Warning","vascular toxicity",
1589794,"Black Box Warning","respiratory toxicity",
1589794,"Black Box Warning",misuse,
674414,"Black Box Warning",,
16506,"Black Box Warning",misuse,
2336182,"Black Box Warning","infectious disease",
2197380,"Black Box Warning",,
178545,"Black Box Warning","vascular toxicity",
34234,"Black Box Warning","psychiatric toxicity",
675776,"Black Box Warning",hepatotoxicity,
1380904,"Black Box Warning","vascular toxicity",
2205527,"Black Box Warning",,
1158402,"Black Box Warning",carcinogenicity,
1158402,"Black Box Warning","infectious disease",
1158402,"Black Box Warning","vascular toxicity",
1927111,"Black Box Warning","gastrointestinal toxicity",
1927111,"Black Box Warning","hematological toxicity",
1626792,"Black Box Warning",,
101810,"Black Box Warning",misuse,
1407411,"Black Box Warning",neurotoxicity,
2335812,"Black Box Warning",nephrotoxicity,
2335815,"Black Box Warning","gastrointestinal toxicity",
2335815,"Black Box Warning",teratogenicity,
27419,"Black Box Warning",misuse,
70140,"Black Box Warning",teratogenicity,
2206847,"Black Box Warning",teratogenicity,
1378753,"Black Box Warning","psychiatric toxicity",
2832030,"Black Box Warning","infectious disease",
2832030,"Black Box Warning",carcinogenicity,
2197640,"Black Box Warning",,
674896,"Black Box Warning",,
674375,"Black Box Warning",,
2832006,"Black Box Warning",,
2537490,"Black Box Warning",cardiotoxicity,
2335780,"Black Box Warning",,
2832699,"Black Box Warning",,
2245541,"Black Box Warning",,
1987927,"Black Box Warning",carcinogenicity,
1987927,"Black Box Warning","infectious disease",
675482,"Black Box Warning","infectious disease",
675482,"Black Box Warning",carcinogenicity,
1592358,"Black Box Warning",,
333157,"Black Box Warning",,
2287105,"Black Box Warning","respiratory toxicity",
8838,"Black Box Warning",neurotoxicity,
2197860,"Black Box Warning",carcinogenicity,
598402,"Black Box Warning",,
1926837,"Black Box Warning",,
23199,"Black Box Warning",neurotoxicity,
23199,"Black Box Warning",misuse,
2335605,"Black Box Warning",,
678138,"Black Box Warning",,
2336139,"Black Box Warning",teratogenicity,
2832775,"Black Box Warning",,
72036,"Black Box Warning",cardiotoxicity,
72036,"Black Box Warning",hepatotoxicity,
378207,"Black Box Warning","gastrointestinal toxicity",
378207,"Black Box Warning","infectious disease",
675129,"Black Box Warning","gastrointestinal toxicity",
675129,"Black Box Warning",neurotoxicity,
1731642,"Black Box Warning",,
2335488,"Black Box Warning",cardiotoxicity,
49842,"Black Box Warning",neurotoxicity,
674906,"Black Box Warning",carcinogenicity,
674906,"Black Box Warning","immune system toxicity",
674906,"Black Box Warning",teratogenicity,
674906,"Black Box Warning","infectious disease",
2039329,"Black Box Warning","immune system toxicity",
2335581,"Black Box Warning",,
1377918,"Black Box Warning",,
250525,"Black Box Warning",,
1377979,"Black Box Warning",,
675071,"Black Box Warning","respiratory toxicity",
2832300,"Black Box Warning",,
298316,"Black Box Warning",,
2464936,"Black Box Warning",nephrotoxicity,
2464936,"Black Box Warning","respiratory toxicity",
2464936,"Black Box Warning",neurotoxicity,
1381144,"Black Box Warning",,
2335810,"Black Box Warning",carcinogenicity,
1763536,"Black Box Warning","infectious disease",
577488,"Black Box Warning",nephrotoxicity,
577488,"Black Box Warning",teratogenicity,
577488,"Black Box Warning",neurotoxicity,
1121953,"Black Box Warning",hepatotoxicity,
1121953,"Black Box Warning",cardiotoxicity,
1121953,"Black Box Warning",teratogenicity,
2832770,"Black Box Warning",,
2039219,"Black Box Warning","psychiatric toxicity",
2832770,"Black Box Warning","vascular toxicity",
2832770,"Black Box Warning",carcinogenicity,
